DROP DATABASE if exists ig_clone;
CREATE DATABASE ig_clone;
USE ig_clone;


CREATE TABLE photos
(
photo_id INT NOT NULL, /*Primary ID that preferably auto increments (if supported in chosen DB)*/

user_id INT NOT NULL, /*ID of the user who owns this photo (Indexed field)*/

caption varchar(256) NOT NULL, /*Photo caption*/

latitude float, /*Latitude value for location*/

longitude float, /*Longitude value location*/
image_path text NOT NULL, /*Path to image on server*/

image_size INT NOT NULL, /*Image size on server*/

date_created DATETIME, /*When was this image created?*/

date_updated   DATETIME,/*Last time*/ 
PRIMARY KEY(photo_id)
);
CREATE TABLE users(
user_id INT  NOT NULL, /*Primary ID that preferably auto increments (if supported in chosen DB)*/

username varchar(25) NOT NULL, /* Username (Unique Index)*/

email char(125) UNIQUE NOT NULL,/*(String), Email address (Unique Index)*/

salted_password varchar(15) NOT NULL,  /*(String), Salted password digest*/

first_name varchar(25) NOT NULL, /*(String), First name of user*/

last_name varchar(25) NOT NULL, /*(String), Last name of user*/

last_ip varchar(15) NOT NULL, /*(String), Last known user IP address*/

date_created DATETIME, /*(Unix Timestamp or DateTime), When did this user sign up?*/

date_updated DATETIME,/*(Unix Timestamp or DateTime), Last time this user was updated?*/
PRIMARY KEY(user_id)
);

CREATE TABLE messages(
message_id INT,
user_id INT,
photo_id INT,
message_content varchar(500),
FOREIGN KEY (user_id) REFERENCES users(user_id),
FOREIGN KEY (photo_id) REFERENCES photos(photo_id),
PRIMARY KEY (message_id)
);
CREATE TABLE album(
album_id INT NOT NULL,
title char(15) NOT NULL,
photo_id INT(5) NOT NULL,
FOREIGN KEY (photo_id) REFERENCES photos(photo_id)
-- PRIMARY KEY(album_id)
);
CREATE TABLE IF NOT EXISTS `ig_clone`.`photos_has_messages` (
  `photos_photo_id` INT(11) NOT NULL,
  `messages_message_id` INT(11) NOT NULL,
  PRIMARY KEY (`photos_photo_id`, `messages_message_id`),
  INDEX `fk_photos_has_messages_messages1_idx` (`messages_message_id` ASC) VISIBLE,
  INDEX `fk_photos_has_messages_photos1_idx` (`photos_photo_id` ASC) VISIBLE,
  CONSTRAINT `fk_photos_has_messages_photos1`
    FOREIGN KEY (`photos_photo_id`)
    REFERENCES `ig_clone`.`photos` (`photo_id`)
    ON DELETE NO ACTION
    ON UPDATE NO ACTION,
  CONSTRAINT `fk_photos_has_messages_messages1`
    FOREIGN KEY (`messages_message_id`)
    REFERENCES `ig_clone`.`messages` (`message_id`)
    ON DELETE NO ACTION
    ON UPDATE NO ACTION
    );

ALTER TABLE photos ADD FOREIGN KEY (user_id) REFERENCES users(user_id);
ALTER TABLE `messages` ADD `message_content` TEXT NOT NULL AFTER `message_id`;
ALTER TABLE `photos` CHANGE `image_path` `image_path` TEXT CHARACTER SET utf8 COLLATE utf8_general_ci NOT NULL;

/*Table photos*/
insert into `photos` (`photo_id`, `user_id`, `caption`, `latitude`, `longitude`, `image_path`, `image_size`, `data_created`, `data_updated`) values (1, 1, 'cubilia curae mauris viverra', 48.6618569, 34.878483, 'http://dummyimage.com/171x244.bmp/5fa2dd/ffffff', 92, '2018-11-29', '2018-11-13');
insert into `photos` (`photo_id`, `user_id`, `caption`, `latitude`, `longitude`, `image_path`, `image_size`, `data_created`, `data_updated`) values (2, 2, 'lacinia aenean', 4.524233, 17.1013958, 'http://dummyimage.com/187x183.jpg/ff4444/ffffff', 145, '2018-06-06', '2018-02-28');
insert into `photos` (`photo_id`, `user_id`, `caption`, `latitude`, `longitude`, `image_path`, `image_size`, `data_created`, `data_updated`) values (3, 3, 'justo in hac habitasse platea', '-8.7867', 40.0876422, 'http://dummyimage.com/144x125.png/5fa2dd/ffffff', 196, '2018-11-13', '2018-08-25');
insert into `photos` (`photo_id`, `user_id`, `caption`, `latitude`, `longitude`, `image_path`, `image_size`, `data_created`, `data_updated`) values (4, 3, 'leo odio condimentum', 56.8530446, 14.8572534, 'http://dummyimage.com/191x136.jpg/5fa2dd/ffffff', 68, '2018-05-24', '2018-10-22');
insert into `photos` (`photo_id`, `user_id`, `caption`, `latitude`, `longitude`, `image_path`, `image_size`, `data_created`, `data_updated`) values (5, 3, 'in faucibus orci', 21.192457, 28.0896014, 'http://dummyimage.com/180x147.png/cc0000/ffffff', 121, '2019-02-10', '2019-01-09');
insert into `photos` (`photo_id`, `user_id`, `caption`, `latitude`, `longitude`, `image_path`, `image_size`, `data_created`, `data_updated`) values (6, 5, 'malesuada in', 28.39895, 39.4596137, 'http://dummyimage.com/244x176.png/cc0000/ffffff', 163, '2018-04-12', '2018-06-04');
insert into `photos` (`photo_id`, `user_id`, `caption`, `latitude`, `longitude`, `image_path`, `image_size`, `data_created`, `data_updated`) values (7, 6, 'magna ac consequat metus', 31.2579515, 46.9821813, 'http://dummyimage.com/101x235.bmp/cc0000/ffffff', 59, '2018-05-13', '2018-08-04');
insert into `photos` (`photo_id`, `user_id`, `caption`, `latitude`, `longitude`, `image_path`, `image_size`, `data_created`, `data_updated`) values (8, 7, 'ipsum ac tellus semper', -11.4389649, '6.95333', 'http://dummyimage.com/158x189.bmp/cc0000/ffffff', 94, '2018-11-10', '2018-10-05');
insert into `photos` (`photo_id`, `user_id`, `caption`, `latitude`, `longitude`, `image_path`, `image_size`, `data_created`, `data_updated`) values (9, 7, 'a odio', 47.5039111, 55.6760366, 'http://dummyimage.com/198x111.bmp/cc0000/ffffff', 143, '2018-11-23', '2018-02-18');
insert into `photos` (`photo_id`, `user_id`, `caption`, `latitude`, `longitude`, `image_path`, `image_size`, `data_created`, `data_updated`) values (10, 8, 'consequat', 18.2540705, 26.694208, 'http://dummyimage.com/100x119.bmp/dddddd/000000', 95, '2018-06-10', '2018-06-30');
insert into `photos` (`photo_id`, `user_id`, `caption`, `latitude`, `longitude`, `image_path`, `image_size`, `data_created`, `data_updated`) values (11, 8, 'orci', 39.6242621, 6.3833462, 'http://dummyimage.com/179x214.jpg/cc0000/ffffff', 158, '2018-06-02', '2018-07-17');
insert into `photos` (`photo_id`, `user_id`, `caption`, `latitude`, `longitude`, `image_path`, `image_size`, `data_created`, `data_updated`) values (12, 9, 'nisl', 56.0978911, 15.9866126, 'http://dummyimage.com/110x166.bmp/5fa2dd/ffffff', 159, '2018-10-23', '2018-05-02');
insert into `photos` (`photo_id`, `user_id`, `caption`, `latitude`, `longitude`, `image_path`, `image_size`, `data_created`, `data_updated`) values (13, 10, 'sit amet sapien dignissim', -33.9905526, -6.9620686, 'http://dummyimage.com/208x250.bmp/ff4444/ffffff', 118, '2018-11-29', '2018-09-04');
insert into `photos` (`photo_id`, `user_id`, `caption`, `latitude`, `longitude`, `image_path`, `image_size`, `data_created`, `data_updated`) values (14, 11, 'consequat in consequat', 30.753924, 23.7321074, 'http://dummyimage.com/217x166.jpg/cc0000/ffffff', 51, '2018-07-14', '2019-01-27');
insert into `photos` (`photo_id`, `user_id`, `caption`, `latitude`, `longitude`, `image_path`, `image_size`, `data_created`, `data_updated`) values (15, 12, 'nunc vestibulum', 35.201548, 58.5434846, 'http://dummyimage.com/191x224.bmp/dddddd/000000', 123, '2018-06-13', '2018-12-20');
insert into `photos` (`photo_id`, `user_id`, `caption`, `latitude`, `longitude`, `image_path`, `image_size`, `data_created`, `data_updated`) values (16, 13, 'vulputate', 42.060385, -20.015942, 'http://dummyimage.com/119x216.jpg/5fa2dd/ffffff', 92, '2018-11-17', '2018-05-16');
insert into `photos` (`photo_id`, `user_id`, `caption`, `latitude`, `longitude`, `image_path`, `image_size`, `data_created`, `data_updated`) values (17, 14, 'dolor quis', 35.5205328, 59.3460413, 'http://dummyimage.com/134x234.png/dddddd/000000', 100, '2018-02-14', '2018-03-07');
insert into `photos` (`photo_id`, `user_id`, `caption`, `latitude`, `longitude`, `image_path`, `image_size`, `data_created`, `data_updated`) values (18, 14, 'platea', 6.8954177, -8.2593984, 'http://dummyimage.com/192x172.jpg/dddddd/000000', 138, '2018-02-20', '2018-03-03');
insert into `photos` (`photo_id`, `user_id`, `caption`, `latitude`, `longitude`, `image_path`, `image_size`, `data_created`, `data_updated`) values (19, 15, 'nulla justo aliquam quis turpis', -6.9078713, 39.10972, 'http://dummyimage.com/195x162.bmp/ff4444/ffffff', 66, '2018-04-07', '2019-01-28');
insert into `photos` (`photo_id`, `user_id`, `caption`, `latitude`, `longitude`, `image_path`, `image_size`, `data_created`, `data_updated`) values (20, 16, 'nunc commodo placerat praesent blandit', -0.5860463, 4.1481842, 'http://dummyimage.com/240x139.png/cc0000/ffffff', 163, '2018-12-25', '2018-02-26');
insert into `photos` (`photo_id`, `user_id`, `caption`, `latitude`, `longitude`, `image_path`, `image_size`, `data_created`, `data_updated`) values (21, 17, 'justo nec', 30.741203, 34.839635, 'http://dummyimage.com/242x239.bmp/cc0000/ffffff', 117, '2018-10-26', '2018-12-28');
insert into `photos` (`photo_id`, `user_id`, `caption`, `latitude`, `longitude`, `image_path`, `image_size`, `data_created`, `data_updated`) values (22, 18, 'vitae ipsum aliquam non', 59.8505671, 37.870792, 'http://dummyimage.com/218x189.bmp/cc0000/ffffff', 194, '2018-03-10', '2019-01-13');
insert into `photos` (`photo_id`, `user_id`, `caption`, `latitude`, `longitude`, `image_path`, `image_size`, `data_created`, `data_updated`) values (23, 18, 'felis sed lacus morbi', -34.5867363, 13.3042145, 'http://dummyimage.com/121x156.jpg/5fa2dd/ffffff', 83, '2018-11-12', '2018-11-30');
insert into `photos` (`photo_id`, `user_id`, `caption`, `latitude`, `longitude`, `image_path`, `image_size`, `data_created`, `data_updated`) values (24, 19, 'quam pede lobortis', 24.9663939, -20.9211015, 'http://dummyimage.com/125x250.bmp/dddddd/000000', 154, '2018-08-21', '2018-04-09');
insert into `photos` (`photo_id`, `user_id`, `caption`, `latitude`, `longitude`, `image_path`, `image_size`, `data_created`, `data_updated`) values (25, 20, 'sapien non mi integer ac', -27.284815, 43.30706, 'http://dummyimage.com/180x239.png/dddddd/000000', 177, '2018-05-08', '2018-10-07');
insert into `photos` (`photo_id`, `user_id`, `caption`, `latitude`, `longitude`, `image_path`, `image_size`, `data_created`, `data_updated`) values (26, 21, 'aliquet pulvinar', 26.885704, 40.833907, 'http://dummyimage.com/146x207.bmp/5fa2dd/ffffff', 130, '2018-11-21', '2018-04-23');
insert into `photos` (`photo_id`, `user_id`, `caption`, `latitude`, `longitude`, `image_path`, `image_size`, `data_created`, `data_updated`) values (27, 21, 'tellus semper', 54.3749589, 48.8466523, 'http://dummyimage.com/121x233.jpg/dddddd/000000', 123, '2018-10-30', '2019-02-09');
insert into `photos` (`photo_id`, `user_id`, `caption`, `latitude`, `longitude`, `image_path`, `image_size`, `data_created`, `data_updated`) values (28, 22, 'ultrices posuere cubilia curae', 14.3160322, 39.873363, 'http://dummyimage.com/249x157.png/cc0000/ffffff', 70, '2018-10-16', '2018-12-17');
insert into `photos` (`photo_id`, `user_id`, `caption`, `latitude`, `longitude`, `image_path`, `image_size`, `data_created`, `data_updated`) values (29, 23, 'varius nulla facilisi cras', 32.75348, 53.2774963, 'http://dummyimage.com/240x172.png/dddddd/000000', 129, '2018-09-18', '2018-06-07');
insert into `photos` (`photo_id`, `user_id`, `caption`, `latitude`, `longitude`, `image_path`, `image_size`, `data_created`, `data_updated`) values (30, 24, 'hac', 32.3154326, 29.1893104, 'http://dummyimage.com/150x164.bmp/cc0000/ffffff', 150, '2018-06-24', '2018-10-01');
insert into `photos` (`photo_id`, `user_id`, `caption`, `latitude`, `longitude`, `image_path`, `image_size`, `data_created`, `data_updated`) values (31, 25, 'orci', 49.2063442, 56.654278, 'http://dummyimage.com/126x237.jpg/5fa2dd/ffffff', 84, '2018-05-09', '2018-09-23');
insert into `photos` (`photo_id`, `user_id`, `caption`, `latitude`, `longitude`, `image_path`, `image_size`, `data_created`, `data_updated`) values (32, 25, 'rhoncus sed', -5.6935288, -7.2903571, 'http://dummyimage.com/147x167.bmp/5fa2dd/ffffff', 94, '2018-10-30', '2018-03-28');
insert into `photos` (`photo_id`, `user_id`, `caption`, `latitude`, `longitude`, `image_path`, `image_size`, `data_created`, `data_updated`) values (33, 26, 'erat curabitur gravida nisi', 52.1894953, 29.117096, 'http://dummyimage.com/158x120.png/cc0000/ffffff', 83, '2018-10-01', '2018-10-02');
insert into `photos` (`photo_id`, `user_id`, `caption`, `latitude`, `longitude`, `image_path`, `image_size`, `data_created`, `data_updated`) values (34, 27, 'vestibulum proin eu mi nulla', 25.274374, 31.196079, 'http://dummyimage.com/197x144.jpg/ff4444/ffffff', 193, '2018-11-21', '2018-12-09');
insert into `photos` (`photo_id`, `user_id`, `caption`, `latitude`, `longitude`, `image_path`, `image_size`, `data_created`, `data_updated`) values (35, 28, 'curabitur gravida nisi at', 34.0370771, -33.5215632, 'http://dummyimage.com/224x196.bmp/ff4444/ffffff', 132, '2018-09-16', '2019-01-30');
insert into `photos` (`photo_id`, `user_id`, `caption`, `latitude`, `longitude`, `image_path`, `image_size`, `data_created`, `data_updated`) values (36, 28, 'ornare imperdiet sapien urna pretium', 48.7359203, 34.878483, 'http://dummyimage.com/109x139.jpg/ff4444/ffffff', 193, '2018-03-23', '2018-03-16');
insert into `photos` (`photo_id`, `user_id`, `caption`, `latitude`, `longitude`, `image_path`, `image_size`, `data_created`, `data_updated`) values (37, 29, 'felis sed', 19.4392516, 6.984864, 'http://dummyimage.com/138x214.png/ff4444/ffffff', 166, '2018-02-15', '2018-10-18');
insert into `photos` (`photo_id`, `user_id`, `caption`, `latitude`, `longitude`, `image_path`, `image_size`, `data_created`, `data_updated`) values (38, 30, 'consectetuer adipiscing elit proin interdum', 31.793861, -16.0437784, 'http://dummyimage.com/160x200.bmp/dddddd/000000', 136, '2018-09-22', '2018-08-20');
insert into `photos` (`photo_id`, `user_id`, `caption`, `latitude`, `longitude`, `image_path`, `image_size`, `data_created`, `data_updated`) values (39, 31, 'in imperdiet et', 29.6464527, 57.0384344, 'http://dummyimage.com/193x244.png/5fa2dd/ffffff', 175, '2018-09-20', '2018-10-06');
insert into `photos` (`photo_id`, `user_id`, `caption`, `latitude`, `longitude`, `image_path`, `image_size`, `data_created`, `data_updated`) values (40, 31, 'donec ut dolor', 19.368252, 18.8478608, 'http://dummyimage.com/208x207.png/ff4444/ffffff', 104, '2018-11-26', '2019-02-10');
insert into `photos` (`photo_id`, `user_id`, `caption`, `latitude`, `longitude`, `image_path`, `image_size`, `data_created`, `data_updated`) values (41, 31, 'praesent blandit', 36.60123, 41.6690275, 'http://dummyimage.com/104x188.png/ff4444/ffffff', 168, '2018-02-26', '2018-06-07');
insert into `photos` (`photo_id`, `user_id`, `caption`, `latitude`, `longitude`, `image_path`, `image_size`, `data_created`, `data_updated`) values (42, 32, 'vestibulum', 10.8325561, 50.7022235, 'http://dummyimage.com/163x103.bmp/ff4444/ffffff', 185, '2018-09-27', '2018-08-26');
insert into `photos` (`photo_id`, `user_id`, `caption`, `latitude`, `longitude`, `image_path`, `image_size`, `data_created`, `data_updated`) values (43, 32, 'risus praesent lectus', 15.4293836, 59.3316697, 'http://dummyimage.com/176x197.jpg/dddddd/000000', 78, '2018-08-20', '2018-07-27');
insert into `photos` (`photo_id`, `user_id`, `caption`, `latitude`, `longitude`, `image_path`, `image_size`, `data_created`, `data_updated`) values (44, 32, 'eget', 28.659387, -7.5613556, 'http://dummyimage.com/103x123.jpg/5fa2dd/ffffff', 54, '2018-03-14', '2018-04-12');
insert into `photos` (`photo_id`, `user_id`, `caption`, `latitude`, `longitude`, `image_path`, `image_size`, `data_created`, `data_updated`) values (45, 33, 'sapien ut nunc vestibulum', 37.6718487, 60.4741704, 'http://dummyimage.com/117x133.bmp/cc0000/ffffff', 127, '2018-07-19', '2018-08-09');
insert into `photos` (`photo_id`, `user_id`, `caption`, `latitude`, `longitude`, `image_path`, `image_size`, `data_created`, `data_updated`) values (46, 33, 'viverra dapibus', -23.0939881, -28.8241753, 'http://dummyimage.com/221x193.jpg/cc0000/ffffff', 159, '2019-01-12', '2018-09-04');
insert into `photos` (`photo_id`, `user_id`, `caption`, `latitude`, `longitude`, `image_path`, `image_size`, `data_created`, `data_updated`) values (47, 33, 'rhoncus mauris', -34.6824081, 57.5275396, 'http://dummyimage.com/226x141.bmp/5fa2dd/ffffff', 72, '2018-08-30', '2018-07-21');
insert into `photos` (`photo_id`, `user_id`, `caption`, `latitude`, `longitude`, `image_path`, `image_size`, `data_created`, `data_updated`) values (48, 34, 'quam suspendisse potenti nullam', 39.728885, 52.1124967, 'http://dummyimage.com/227x219.bmp/cc0000/ffffff', 138, '2018-03-10', '2018-07-20');
insert into `photos` (`photo_id`, `user_id`, `caption`, `latitude`, `longitude`, `image_path`, `image_size`, `data_created`, `data_updated`) values (49, 35, 'massa id lobortis', -1.8197455, 31.203196, 'http://dummyimage.com/230x246.bmp/cc0000/ffffff', 128, '2018-10-10', '2018-11-08');
insert into `photos` (`photo_id`, `user_id`, `caption`, `latitude`, `longitude`, `image_path`, `image_size`, `data_created`, `data_updated`) values (50, 35, 'cursus urna', 9.25, -7.7427496, 'http://dummyimage.com/134x152.png/dddddd/000000', 196, '2018-08-31', '2018-05-15');
/*Table users*/
insert into `users` (`user_id`, `username`, `email`, `salted_password`, `first_name`, `last_name`, `last_ip`, `data_created`, `data_updated`) values (1, 'gpirelli0', 'bpirelli0@unc.edu', 'YPJgjhEz', 'Josée', 'Pirelli', '245.225.65.219', '2011-12-19', '2015-07-08');
insert into `users` (`user_id`, `username`, `email`, `salted_password`, `first_name`, `last_name`, `last_ip`, `data_created`, `data_updated`) values (2, 'cgallelli1', 'mgallelli1@rambler.ru', 'zPlIg2Kh', 'Stéphanie', 'Gallelli', '137.247.52.235', '2018-11-20', '2017-09-23');
insert into `users` (`user_id`, `username`, `email`, `salted_password`, `first_name`, `last_name`, `last_ip`, `data_created`, `data_updated`) values (3, 'ewalcar2', 'rwalcar2@ebay.co.uk', 'gvG9KwYH7tRb', 'Angèle', 'Walcar', '219.191.24.226', '2012-02-09', '2010-07-31');
insert into `users` (`user_id`, `username`, `email`, `salted_password`, `first_name`, `last_name`, `last_ip`, `data_created`, `data_updated`) values (4, 'ttolle3', 'atolle3@i2i.jp', '7s2ZtP', 'Marie-ève', 'Tolle', '44.177.101.190', '2017-06-18', '2016-04-15');
insert into `users` (`user_id`, `username`, `email`, `salted_password`, `first_name`, `last_name`, `last_ip`, `data_created`, `data_updated`) values (5, 'klambal4', 'llambal4@un.org', 'JDmN51z1RFCP', 'Daphnée', 'Lambal', '170.17.81.138', '2011-08-29', '2013-07-13');
insert into `users` (`user_id`, `username`, `email`, `salted_password`, `first_name`, `last_name`, `last_ip`, `data_created`, `data_updated`) values (6, 'jharkins5', 'aharkins5@posterous.com', 'Tzcid8I', 'Céline', 'Harkins', '37.145.30.164', '2011-06-08', '2018-11-12');
insert into `users` (`user_id`, `username`, `email`, `salted_password`, `first_name`, `last_name`, `last_ip`, `data_created`, `data_updated`) values (7, 'bmatevushev6', 'lmatevushev6@hhs.gov', '8MQCvMhowfR', 'Réservés', 'Matevushev', '185.250.50.104', '2013-05-10', '2012-07-15');
insert into `users` (`user_id`, `username`, `email`, `salted_password`, `first_name`, `last_name`, `last_ip`, `data_created`, `data_updated`) values (8, 'fcoots7', 'wcoots7@salon.com', 'Nh4FJZqYWW', 'Léonore', 'Coots', '89.172.205.218', '2013-06-23', '2015-05-14');
insert into `users` (`user_id`, `username`, `email`, `salted_password`, `first_name`, `last_name`, `last_ip`, `data_created`, `data_updated`) values (9, 'glyndon8', 'blyndon8@dell.com', 'a3QQylE6DV7', 'Yú', 'Lyndon', '2.170.38.37', '2012-08-12', '2011-08-12');
insert into `users` (`user_id`, `username`, `email`, `salted_password`, `first_name`, `last_name`, `last_ip`, `data_created`, `data_updated`) values (10, 'pdingsdale9', 'mdingsdale9@psu.edu', 'sNDDDUvC8L', 'Léane', 'Dingsdale', '227.76.147.5', '2012-07-15', '2012-03-15');
insert into `users` (`user_id`, `username`, `email`, `salted_password`, `first_name`, `last_name`, `last_ip`, `data_created`, `data_updated`) values (11, 'mtootina', 'etootina@wisc.edu', 'WTIONEBddG2', 'Maëline', 'Tootin', '64.40.79.219', '2014-01-05', '2013-11-07');
insert into `users` (`user_id`, `username`, `email`, `salted_password`, `first_name`, `last_name`, `last_ip`, `data_created`, `data_updated`) values (12, 'ghaugehb', 'phaugehb@addtoany.com', 'UK8xf2C', 'Cinéma', 'Haugeh', '41.132.18.5', '2015-06-28', '2011-11-03');
insert into `users` (`user_id`, `username`, `email`, `salted_password`, `first_name`, `last_name`, `last_ip`, `data_created`, `data_updated`) values (13, 'twilcherc', 'ewilcherc@chicagotribune.com', 'AzGcVTwV', 'Eugénie', 'Wilcher', '176.31.108.48', '2018-09-02', '2019-02-02');
insert into `users` (`user_id`, `username`, `email`, `salted_password`, `first_name`, `last_name`, `last_ip`, `data_created`, `data_updated`) values (14, 'wpedronid', 'apedronid@discuz.net', '3Glku3sv', 'Lyséa', 'Pedroni', '17.10.73.215', '2012-10-28', '2018-10-18');
insert into `users` (`user_id`, `username`, `email`, `salted_password`, `first_name`, `last_name`, `last_ip`, `data_created`, `data_updated`) values (15, 'dchidwicke', 'tchidwicke@cmu.edu', '5cRXsU', 'Hélèna', 'Chidwick', '17.27.105.21', '2012-06-10', '2018-07-17');
insert into `users` (`user_id`, `username`, `email`, `salted_password`, `first_name`, `last_name`, `last_ip`, `data_created`, `data_updated`) values (16, 'ckissickf', 'pkissickf@guardian.co.uk', '9T17T9l3sfX', 'Séréna', 'Kissick', '14.41.110.245', '2015-12-01', '2016-12-05');
insert into `users` (`user_id`, `username`, `email`, `salted_password`, `first_name`, `last_name`, `last_ip`, `data_created`, `data_updated`) values (17, 'npavierg', 'jpavierg@dailymotion.com', 'HqRZx3', 'Eliès', 'Pavier', '160.52.2.96', '2015-11-26', '2012-04-22');
insert into `users` (`user_id`, `username`, `email`, `salted_password`, `first_name`, `last_name`, `last_ip`, `data_created`, `data_updated`) values (18, 'lgeffenh', 'lgeffenh@google.co.jp', 'upQkv7pFEX', 'Amélie', 'Geffen', '241.227.156.18', '2010-12-31', '2011-12-14');
insert into `users` (`user_id`, `username`, `email`, `salted_password`, `first_name`, `last_name`, `last_ip`, `data_created`, `data_updated`) values (19, 'fpieli', 'gpieli@npr.org', '32pe4QSv9KU', 'Mylène', 'Piel', '229.187.230.118', '2011-03-14', '2014-08-10');
insert into `users` (`user_id`, `username`, `email`, `salted_password`, `first_name`, `last_name`, `last_ip`, `data_created`, `data_updated`) values (20, 'rnystromj', 'mnystromj@uol.com.br', '4bTmW3OS', 'Bénédicte', 'Nystrom', '138.49.77.205', '2014-10-31', '2014-12-03');
insert into `users` (`user_id`, `username`, `email`, `salted_password`, `first_name`, `last_name`, `last_ip`, `data_created`, `data_updated`) values (21, 'msucklingk', 'asucklingk@ucsd.edu', 'Aa6LK0J', 'Laurélie', 'Suckling', '62.224.75.75', '2012-05-22', '2013-01-21');
insert into `users` (`user_id`, `username`, `email`, `salted_password`, `first_name`, `last_name`, `last_ip`, `data_created`, `data_updated`) values (22, 'gduinbletonl', 'mduinbletonl@naver.com', 'AwGKIA', 'Desirée', 'Duinbleton', '228.221.41.234', '2018-09-18', '2011-04-01');
insert into `users` (`user_id`, `username`, `email`, `salted_password`, `first_name`, `last_name`, `last_ip`, `data_created`, `data_updated`) values (23, 'mosbanm', 'hosbanm@census.gov', 'YvbtuULwr', 'Méthode', 'Osban', '32.144.180.241', '2017-06-26', '2015-09-29');
insert into `users` (`user_id`, `username`, `email`, `salted_password`, `first_name`, `last_name`, `last_ip`, `data_created`, `data_updated`) values (24, 'kbereclothn', 'kbereclothn@yandex.ru', '780AFCu9V', 'Yáo', 'Berecloth', '206.171.22.254', '2013-10-11', '2011-01-17');
insert into `users` (`user_id`, `username`, `email`, `salted_password`, `first_name`, `last_name`, `last_ip`, `data_created`, `data_updated`) values (25, 'sweatherleyo', 'eweatherleyo@cbslocal.com', 'gvukEoxM', 'Félicie', 'Weatherley', '89.25.204.64', '2015-02-08', '2010-06-01');
insert into `users` (`user_id`, `username`, `email`, `salted_password`, `first_name`, `last_name`, `last_ip`, `data_created`, `data_updated`) values (26, 'rolnerp', 'aolnerp@webs.com', 'x3L7DXsLfoc2', 'Lauréna', 'Olner', '31.139.209.73', '2013-02-26', '2016-05-15');
insert into `users` (`user_id`, `username`, `email`, `salted_password`, `first_name`, `last_name`, `last_ip`, `data_created`, `data_updated`) values (27, 'lshayesq', 'bshayesq@photobucket.com', 'OvLF7ueIzsfB', 'Maëlyss', 'Shayes', '97.236.42.238', '2011-12-16', '2017-03-29');
insert into `users` (`user_id`, `username`, `email`, `salted_password`, `first_name`, `last_name`, `last_ip`, `data_created`, `data_updated`) values (28, 'lseyr', 'rseyr@oaic.gov.au', 'Y6e7PSC', 'Maï', 'Sey', '9.192.39.28', '2018-03-17', '2017-07-09');
insert into `users` (`user_id`, `username`, `email`, `salted_password`, `first_name`, `last_name`, `last_ip`, `data_created`, `data_updated`) values (29, 'hparlotts', 'dparlotts@microsoft.com', 'OAyaEvYqpfaL', 'Publicité', 'Parlott', '223.254.162.181', '2015-03-30', '2017-03-27');
insert into `users` (`user_id`, `username`, `email`, `salted_password`, `first_name`, `last_name`, `last_ip`, `data_created`, `data_updated`) values (30, 'rkristiansent', 'bkristiansent@csmonitor.com', 'LI7z3xw', 'Marie-ève', 'Kristiansen', '89.90.222.116', '2014-04-14', '2014-10-18');
insert into `users` (`user_id`, `username`, `email`, `salted_password`, `first_name`, `last_name`, `last_ip`, `data_created`, `data_updated`) values (31, 'uemigu', 'semigu@flickr.com', 'y0Med7Dp', 'Nuó', 'Emig', '102.171.68.204', '2017-04-09', '2017-07-22');
insert into `users` (`user_id`, `username`, `email`, `salted_password`, `first_name`, `last_name`, `last_ip`, `data_created`, `data_updated`) values (32, 'fdufairev', 'rdufairev@dailymail.co.uk', 'nzH33uVw', 'Garçon', 'Dufaire', '194.227.239.40', '2013-04-02', '2018-05-12');
insert into `users` (`user_id`, `username`, `email`, `salted_password`, `first_name`, `last_name`, `last_ip`, `data_created`, `data_updated`) values (33, 'iballantynew', 'pballantynew@t.co', 'ovNFQp', 'Naéva', 'Ballantyne', '159.176.140.191', '2012-02-22', '2012-10-01');
insert into `users` (`user_id`, `username`, `email`, `salted_password`, `first_name`, `last_name`, `last_ip`, `data_created`, `data_updated`) values (34, 'bmorteox', 'vmorteox@istockphoto.com', 'JYFbq1srQBR6', 'Intéressant', 'Morteo', '50.41.172.30', '2011-01-05', '2018-04-30');
insert into `users` (`user_id`, `username`, `email`, `salted_password`, `first_name`, `last_name`, `last_ip`, `data_created`, `data_updated`) values (35, 'gtarlingy', 'ltarlingy@addtoany.com', 'CqTDZCdBth', 'Maëlyss', 'Tarling', '130.229.192.183', '2017-06-11', '2018-11-19');

/*Table messages*/
insert into `messages` (`message_id`, `user_id`, `photo_id`, `message_content`) values (1, 1, 1, 'lacus morbi sem mauris laoreet ut rhoncus aliquet pulvinar sed nisl');
insert into `messages` (`message_id`, `user_id`, `photo_id`, `message_content`) values (2, 1, 2, 'justo sit amet sapien dignissim vestibulum vestibulum ante ipsum primis in faucibus orci luctus et ultrices posuere cubilia curae nulla dapibus dolor vel est donec odio justo sollicitudin ut suscipit a feugiat et eros vestibulum ac est lacinia nisi venenatis tristique fusce congue diam id ornare imperdiet sapien urna pretium nisl ut volutpat sapien arcu sed augue aliquam erat volutpat in congue');
insert into `messages` (`message_id`, `user_id`, `photo_id`, `message_content`) values (3, 2, 3, 'etiam pretium iaculis justo in hac habitasse platea dictumst etiam faucibus cursus urna ut tellus nulla ut erat id mauris vulputate elementum nullam varius nulla facilisi cras non velit nec nisi vulputate nonummy');
insert into `messages` (`message_id`, `user_id`, `photo_id`, `message_content`) values (4, 2, 4, 'semper sapien a libero nam dui proin leo odio porttitor id consequat in consequat ut nulla sed accumsan felis ut at dolor quis odio consequat varius integer ac leo pellentesque ultrices mattis odio donec vitae nisi nam ultrices libero non mattis pulvinar nulla pede ullamcorper augue a suscipit nulla elit ac nulla sed vel enim sit amet nunc viverra dapibus nulla suscipit ligula in lacus curabitur at ipsum ac tellus semper interdum mauris ullamcorper purus sit amet nulla');
insert into `messages` (`message_id`, `user_id`, `photo_id`, `message_content`) values (5, 3, 5, 'pede justo lacinia eget tincidunt eget tempus vel pede morbi porttitor lorem id ligula suspendisse ornare consequat lectus in est risus auctor sed tristique in tempus sit amet sem fusce consequat nulla nisl nunc nisl duis bibendum felis sed interdum venenatis turpis enim blandit mi in porttitor pede justo eu massa donec dapibus duis at velit eu est congue');
insert into `messages` (`message_id`, `user_id`, `photo_id`, `message_content`) values (6, 4, 6, 'duis bibendum morbi non quam nec dui luctus rutrum nulla tellus in sagittis dui vel nisl duis ac nibh fusce lacus purus aliquet at feugiat non pretium quis lectus suspendisse potenti in eleifend quam a odio in hac habitasse platea dictumst maecenas ut massa quis augue luctus tincidunt nulla mollis molestie lorem quisque ut erat curabitur gravida nisi at nibh in hac habitasse platea dictumst aliquam augue quam sollicitudin vitae consectetuer eget rutrum');
insert into `messages` (`message_id`, `user_id`, `photo_id`, `message_content`) values (7, 5, 7, 'proin risus praesent lectus vestibulum quam sapien varius ut blandit non interdum in ante vestibulum ante ipsum primis in faucibus orci luctus et ultrices posuere cubilia curae duis faucibus accumsan odio curabitur convallis duis consequat dui nec nisi volutpat eleifend donec ut dolor morbi vel lectus in quam fringilla rhoncus mauris enim leo rhoncus sed vestibulum sit amet cursus id turpis integer aliquet massa id lobortis convallis tortor risus dapibus augue vel accumsan tellus nisi eu orci mauris lacinia sapien quis libero nullam sit amet turpis elementum ligula vehicula');
insert into `messages` (`message_id`, `user_id`, `photo_id`, `message_content`) values (8, 6, 8, 'ac neque duis bibendum morbi non quam nec dui luctus rutrum nulla tellus in sagittis dui vel nisl duis ac nibh fusce lacus purus aliquet at feugiat non pretium quis lectus suspendisse potenti in eleifend quam a odio in hac habitasse platea dictumst maecenas ut massa quis augue luctus tincidunt nulla mollis');
insert into `messages` (`message_id`, `user_id`, `photo_id`, `message_content`) values (9, 6, 9, 'tortor quis turpis sed ante vivamus tortor duis mattis egestas metus aenean fermentum donec ut mauris eget massa tempor convallis nulla neque libero convallis eget eleifend luctus ultricies eu nibh quisque id justo sit amet sapien dignissim vestibulum vestibulum ante ipsum primis in faucibus orci luctus et ultrices posuere cubilia curae nulla dapibus dolor vel est donec odio justo sollicitudin ut suscipit a feugiat et eros vestibulum ac est lacinia nisi venenatis tristique fusce congue diam id ornare imperdiet');
insert into `messages` (`message_id`, `user_id`, `photo_id`, `message_content`) values (10, 6, 10, 'pede libero quis orci nullam molestie nibh in lectus pellentesque at nulla suspendisse potenti cras in purus eu magna vulputate luctus cum sociis natoque penatibus et magnis dis parturient montes nascetur ridiculus mus vivamus vestibulum sagittis sapien cum sociis natoque penatibus et magnis');
insert into `messages` (`message_id`, `user_id`, `photo_id`, `message_content`) values (11, 7, 11, 'odio justo sollicitudin ut suscipit a feugiat et eros vestibulum ac est lacinia nisi venenatis tristique fusce congue diam id ornare imperdiet sapien urna pretium nisl ut volutpat sapien arcu sed augue aliquam erat volutpat in congue etiam justo etiam pretium iaculis justo in hac habitasse platea dictumst etiam faucibus cursus urna ut tellus nulla ut erat id mauris vulputate elementum nullam varius nulla facilisi cras non velit');
insert into `messages` (`message_id`, `user_id`, `photo_id`, `message_content`) values (12, 8, 12, 'eget massa tempor convallis nulla neque libero convallis eget eleifend luctus ultricies eu nibh quisque id justo sit amet sapien dignissim vestibulum vestibulum ante ipsum primis in faucibus orci luctus et ultrices posuere cubilia curae nulla dapibus dolor vel est donec odio justo sollicitudin ut suscipit a feugiat et eros vestibulum ac est lacinia nisi venenatis tristique fusce congue diam id ornare imperdiet sapien urna pretium nisl ut volutpat sapien arcu sed augue aliquam erat volutpat in congue etiam justo etiam pretium iaculis justo in hac habitasse platea dictumst etiam faucibus cursus urna ut tellus nulla');
insert into `messages` (`message_id`, `user_id`, `photo_id`, `message_content`) values (13, 8, 13, 'nunc donec quis orci eget orci vehicula condimentum curabitur in libero ut massa volutpat convallis morbi odio odio elementum eu interdum eu tincidunt in leo maecenas pulvinar lobortis est phasellus sit amet erat nulla tempus vivamus in felis eu sapien cursus vestibulum');
insert into `messages` (`message_id`, `user_id`, `photo_id`, `message_content`) values (14, 10, 14, 'augue a suscipit nulla elit ac nulla sed vel enim sit amet nunc viverra dapibus nulla suscipit ligula in lacus curabitur at');
insert into `messages` (`message_id`, `user_id`, `photo_id`, `message_content`) values (15, 11, 15, 'in hac habitasse platea dictumst maecenas ut massa quis augue luctus tincidunt nulla mollis molestie lorem quisque ut erat curabitur gravida nisi at nibh in hac habitasse platea dictumst aliquam augue quam sollicitudin vitae consectetuer eget rutrum at lorem integer tincidunt ante vel ipsum praesent blandit lacinia erat vestibulum sed magna at nunc commodo placerat praesent blandit nam nulla integer pede justo lacinia eget tincidunt eget tempus vel pede morbi porttitor lorem id ligula suspendisse ornare consequat lectus in est risus auctor sed tristique in');
insert into `messages` (`message_id`, `user_id`, `photo_id`, `message_content`) values (16, 12, 16, 'enim leo rhoncus sed vestibulum sit amet cursus id turpis integer aliquet massa id lobortis convallis tortor risus dapibus augue vel accumsan tellus nisi eu orci mauris lacinia sapien quis libero nullam sit amet turpis elementum ligula');
insert into `messages` (`message_id`, `user_id`, `photo_id`, `message_content`) values (17, 13, 17, 'felis sed lacus morbi sem mauris laoreet ut rhoncus aliquet pulvinar sed nisl nunc rhoncus dui vel sem sed sagittis nam congue risus semper porta volutpat quam pede lobortis ligula sit amet eleifend pede libero quis orci nullam molestie nibh in lectus pellentesque at nulla suspendisse potenti cras in purus eu magna vulputate');
insert into `messages` (`message_id`, `user_id`, `photo_id`, `message_content`) values (18, 13, 18, 'viverra eget congue eget semper rutrum nulla nunc purus phasellus in felis donec semper sapien a libero nam dui proin leo odio porttitor id consequat in consequat ut nulla sed accumsan felis ut at dolor quis odio consequat varius integer ac leo pellentesque ultrices mattis odio donec vitae nisi nam ultrices libero non mattis pulvinar nulla pede ullamcorper augue a suscipit nulla elit ac nulla sed vel enim sit amet nunc viverra dapibus nulla suscipit ligula in lacus curabitur at ipsum ac tellus semper interdum mauris ullamcorper purus sit amet nulla quisque arcu libero rutrum');
insert into `messages` (`message_id`, `user_id`, `photo_id`, `message_content`) values (19, 14, 19, 'vitae quam suspendisse potenti nullam porttitor lacus at turpis donec posuere metus vitae ipsum aliquam non mauris morbi non lectus aliquam sit amet diam in magna bibendum imperdiet nullam orci pede venenatis non sodales sed tincidunt eu felis fusce posuere felis sed lacus morbi sem mauris laoreet ut rhoncus aliquet pulvinar sed nisl nunc rhoncus dui vel sem sed sagittis nam congue risus semper porta volutpat quam pede lobortis ligula sit amet eleifend pede libero quis orci nullam molestie nibh in lectus');
insert into `messages` (`message_id`, `user_id`, `photo_id`, `message_content`) values (20, 14, 20, 'eget orci vehicula condimentum curabitur in libero ut massa volutpat convallis morbi odio odio elementum eu interdum eu tincidunt in leo maecenas pulvinar lobortis est phasellus sit amet erat nulla tempus vivamus in felis eu sapien cursus vestibulum proin eu mi nulla ac enim in tempor turpis nec euismod scelerisque quam turpis adipiscing lorem vitae mattis nibh');
insert into `messages` (`message_id`, `user_id`, `photo_id`, `message_content`) values (21, 15, 21, 'odio justo sollicitudin ut suscipit a feugiat et eros vestibulum ac est lacinia nisi venenatis tristique fusce congue diam id ornare imperdiet sapien urna pretium nisl ut volutpat sapien arcu sed augue aliquam erat volutpat in congue etiam justo etiam pretium iaculis justo in hac habitasse platea dictumst etiam faucibus cursus urna ut tellus nulla ut erat id mauris vulputate elementum nullam varius nulla facilisi cras non velit nec nisi vulputate nonummy maecenas tincidunt lacus at velit vivamus vel nulla eget eros elementum pellentesque quisque porta volutpat erat quisque erat eros viverra eget congue eget semper');
insert into `messages` (`message_id`, `user_id`, `photo_id`, `message_content`) values (22, 15, 22, 'rutrum nulla tellus in sagittis dui vel nisl duis ac nibh fusce lacus purus aliquet at feugiat non pretium quis lectus suspendisse potenti in eleifend quam a odio in hac habitasse platea dictumst maecenas ut massa quis augue luctus tincidunt nulla mollis molestie lorem quisque ut erat curabitur gravida nisi at nibh in hac habitasse platea dictumst');
insert into `messages` (`message_id`, `user_id`, `photo_id`, `message_content`) values (23, 16, 23, 'integer aliquet massa id lobortis convallis tortor risus dapibus augue vel accumsan');
insert into `messages` (`message_id`, `user_id`, `photo_id`, `message_content`) values (24, 17, 24, 'at dolor quis odio consequat varius integer ac leo pellentesque ultrices mattis odio donec vitae nisi nam ultrices libero non mattis pulvinar nulla pede ullamcorper augue a suscipit nulla elit ac nulla sed vel enim sit amet nunc viverra dapibus nulla suscipit ligula in lacus curabitur at ipsum ac tellus semper interdum mauris ullamcorper purus sit amet nulla quisque arcu libero rutrum ac lobortis vel dapibus at diam');
insert into `messages` (`message_id`, `user_id`, `photo_id`, `message_content`) values (25, 17, 25, 'orci vehicula condimentum curabitur in libero ut massa volutpat convallis morbi odio odio elementum eu interdum eu tincidunt in leo maecenas pulvinar lobortis est phasellus sit amet erat nulla tempus vivamus in felis eu sapien cursus vestibulum proin eu mi nulla ac enim in tempor turpis nec euismod scelerisque quam turpis adipiscing lorem vitae mattis nibh ligula nec sem duis aliquam convallis nunc proin at turpis a pede posuere nonummy integer non');
insert into `messages` (`message_id`, `user_id`, `photo_id`, `message_content`) values (26, 18, 26, 'ligula suspendisse ornare consequat lectus in est risus auctor sed tristique in tempus sit amet sem fusce consequat nulla nisl nunc nisl duis bibendum felis sed interdum venenatis turpis enim blandit mi in porttitor pede justo eu massa donec dapibus duis at velit eu est congue elementum in hac habitasse platea dictumst morbi vestibulum velit id pretium iaculis diam erat fermentum justo nec condimentum neque sapien placerat ante nulla');
insert into `messages` (`message_id`, `user_id`, `photo_id`, `message_content`) values (27, 19, 27, 'felis fusce posuere felis sed lacus morbi sem mauris laoreet ut rhoncus aliquet pulvinar sed nisl nunc rhoncus dui vel sem');
insert into `messages` (`message_id`, `user_id`, `photo_id`, `message_content`) values (28, 20, 28, 'blandit non interdum in ante vestibulum ante ipsum primis in faucibus orci luctus et ultrices posuere cubilia curae duis faucibus accumsan odio curabitur convallis duis consequat dui nec nisi volutpat eleifend donec ut dolor morbi vel lectus in quam fringilla rhoncus mauris enim leo rhoncus sed vestibulum sit amet cursus id turpis integer aliquet massa id lobortis convallis tortor risus dapibus');
insert into `messages` (`message_id`, `user_id`, `photo_id`, `message_content`) values (29, 21, 29, 'ultricies eu nibh quisque id justo sit amet sapien dignissim vestibulum vestibulum ante ipsum primis in faucibus orci luctus et ultrices posuere cubilia curae nulla dapibus dolor vel est donec odio justo sollicitudin ut suscipit a feugiat et eros vestibulum ac est lacinia nisi venenatis tristique fusce congue diam id ornare imperdiet sapien urna pretium nisl ut volutpat sapien arcu sed augue aliquam erat volutpat in congue etiam justo etiam pretium iaculis justo in hac habitasse platea dictumst etiam faucibus cursus urna ut tellus nulla ut erat id mauris vulputate elementum nullam varius nulla facilisi cras non velit nec');
insert into `messages` (`message_id`, `user_id`, `photo_id`, `message_content`) values (30, 22, 30, 'eget semper rutrum nulla nunc purus phasellus in felis donec semper sapien a libero nam dui proin leo odio porttitor id consequat in consequat ut nulla sed accumsan felis ut at dolor quis odio consequat varius integer ac leo pellentesque ultrices mattis odio');
insert into `messages` (`message_id`, `user_id`, `photo_id`, `message_content`) values (31, 23, 31, 'vestibulum sit amet cursus id turpis integer aliquet massa id lobortis convallis tortor risus dapibus augue vel accumsan tellus nisi eu orci mauris lacinia sapien quis libero nullam sit amet turpis elementum ligula vehicula consequat morbi a ipsum integer a nibh in quis justo maecenas rhoncus aliquam lacus morbi quis tortor id nulla ultrices aliquet maecenas leo odio condimentum id luctus nec molestie sed justo pellentesque viverra pede ac diam cras');
insert into `messages` (`message_id`, `user_id`, `photo_id`, `message_content`) values (32, 24, 32, 'semper porta volutpat quam pede lobortis ligula sit amet eleifend pede libero quis orci nullam molestie nibh in lectus pellentesque at nulla suspendisse potenti cras in purus eu magna vulputate luctus cum sociis natoque penatibus et');
insert into `messages` (`message_id`, `user_id`, `photo_id`, `message_content`) values (33, 25, 33, 'erat volutpat in congue etiam justo etiam pretium iaculis justo in hac habitasse platea dictumst etiam faucibus cursus urna ut tellus nulla ut erat id mauris vulputate elementum nullam varius');
insert into `messages` (`message_id`, `user_id`, `photo_id`, `message_content`) values (34, 26, 34, 'accumsan odio curabitur convallis duis consequat dui nec nisi volutpat eleifend donec ut dolor morbi vel lectus in quam fringilla rhoncus mauris enim leo rhoncus sed vestibulum sit amet cursus id turpis integer aliquet');
insert into `messages` (`message_id`, `user_id`, `photo_id`, `message_content`) values (35, 26, 35, 'dui luctus rutrum nulla tellus in sagittis dui vel nisl duis ac nibh fusce lacus purus aliquet at feugiat non pretium quis lectus suspendisse potenti in eleifend quam a odio in hac habitasse platea dictumst maecenas ut massa quis augue luctus tincidunt nulla mollis molestie lorem quisque ut erat');
insert into `messages` (`message_id`, `user_id`, `photo_id`, `message_content`) values (36, 27, 36, 'est phasellus sit amet erat nulla tempus vivamus in felis eu sapien cursus vestibulum proin eu mi nulla ac enim in tempor turpis nec euismod scelerisque quam turpis adipiscing lorem vitae mattis nibh ligula nec sem duis aliquam convallis nunc proin at turpis a pede posuere nonummy integer non velit donec diam neque vestibulum eget vulputate ut ultrices vel augue vestibulum ante ipsum primis in faucibus orci luctus et ultrices posuere cubilia curae donec pharetra magna vestibulum aliquet');
insert into `messages` (`message_id`, `user_id`, `photo_id`, `message_content`) values (37, 27, 37, 'porttitor id consequat in consequat ut nulla sed accumsan felis ut at dolor quis odio consequat varius integer ac leo pellentesque ultrices mattis odio donec vitae nisi nam ultrices libero non mattis pulvinar nulla pede ullamcorper augue a suscipit nulla elit ac nulla sed vel enim sit amet nunc viverra dapibus nulla suscipit ligula in lacus curabitur at ipsum ac tellus semper interdum mauris ullamcorper purus sit amet nulla quisque arcu libero rutrum ac lobortis vel dapibus at diam');
insert into `messages` (`message_id`, `user_id`, `photo_id`, `message_content`) values (38, 28, 38, 'ultrices mattis odio donec vitae nisi nam ultrices libero non mattis pulvinar nulla pede ullamcorper augue a suscipit nulla elit ac nulla sed vel enim sit amet nunc viverra dapibus nulla suscipit ligula in lacus curabitur at ipsum ac tellus semper interdum mauris ullamcorper purus sit amet nulla quisque arcu libero rutrum ac lobortis vel dapibus at diam nam tristique');
insert into `messages` (`message_id`, `user_id`, `photo_id`, `message_content`) values (39, 29, 39, 'ipsum primis in faucibus orci luctus et ultrices posuere cubilia curae duis faucibus accumsan odio curabitur convallis duis consequat dui nec nisi volutpat eleifend donec ut dolor morbi vel lectus in quam fringilla rhoncus mauris enim leo rhoncus sed vestibulum sit amet cursus id turpis integer aliquet massa id lobortis convallis tortor risus dapibus augue vel accumsan tellus nisi eu orci mauris lacinia sapien quis libero nullam sit amet turpis elementum');
insert into `messages` (`message_id`, `user_id`, `photo_id`, `message_content`) values (40, 30, 40, 'diam cras pellentesque volutpat dui maecenas tristique est et tempus semper est quam pharetra magna ac consequat metus sapien ut nunc vestibulum ante ipsum primis in faucibus orci luctus et ultrices posuere cubilia curae mauris viverra diam vitae quam suspendisse potenti nullam porttitor lacus at turpis donec posuere metus vitae ipsum aliquam non mauris morbi non lectus aliquam sit amet diam in magna bibendum imperdiet nullam orci pede');
insert into `messages` (`message_id`, `user_id`, `photo_id`, `message_content`) values (41, 31, 41, 'metus arcu adipiscing molestie hendrerit at vulputate vitae nisl aenean lectus');
insert into `messages` (`message_id`, `user_id`, `photo_id`, `message_content`) values (42, 32, 42, 'vestibulum quam sapien varius ut blandit non interdum in ante vestibulum ante ipsum primis in faucibus orci luctus et ultrices posuere cubilia curae duis faucibus accumsan odio curabitur convallis duis consequat dui nec nisi volutpat eleifend donec');
insert into `messages` (`message_id`, `user_id`, `photo_id`, `message_content`) values (43, 32, 43, 'lectus pellentesque eget nunc donec quis orci eget orci vehicula condimentum');
insert into `messages` (`message_id`, `user_id`, `photo_id`, `message_content`) values (44, 33, 44, 'justo morbi ut odio cras mi pede malesuada in imperdiet et commodo vulputate justo in blandit ultrices enim lorem ipsum dolor sit amet consectetuer adipiscing elit proin interdum mauris non ligula pellentesque ultrices phasellus id sapien in sapien iaculis congue vivamus metus arcu adipiscing molestie hendrerit at vulputate vitae nisl aenean lectus pellentesque eget nunc donec quis orci eget orci vehicula condimentum curabitur in libero ut massa volutpat convallis');
insert into `messages` (`message_id`, `user_id`, `photo_id`, `message_content`) values (45, 33, 45, 'mauris laoreet ut rhoncus aliquet pulvinar sed nisl nunc rhoncus dui vel sem sed sagittis nam congue risus semper porta volutpat quam pede lobortis ligula sit amet eleifend pede libero quis orci nullam molestie nibh in');
insert into `messages` (`message_id`, `user_id`, `photo_id`, `message_content`) values (46, 34, 46, 'quam fringilla rhoncus mauris enim leo rhoncus sed vestibulum sit amet cursus id turpis integer aliquet massa id lobortis convallis tortor risus dapibus augue vel accumsan tellus nisi eu orci mauris lacinia sapien quis libero nullam sit amet turpis elementum');
insert into `messages` (`message_id`, `user_id`, `photo_id`, `message_content`) values (47, 35, 47, 'justo sit amet sapien dignissim vestibulum vestibulum ante ipsum primis in faucibus orci luctus et ultrices posuere cubilia curae nulla dapibus dolor vel est donec odio justo sollicitudin ut suscipit a feugiat et eros vestibulum ac est lacinia nisi venenatis tristique fusce congue diam id ornare imperdiet sapien urna pretium nisl ut volutpat sapien arcu sed augue aliquam erat volutpat in congue etiam justo etiam pretium iaculis justo in hac habitasse platea dictumst etiam faucibus cursus urna ut tellus nulla ut erat id mauris vulputate');
insert into `messages` (`message_id`, `user_id`, `photo_id`, `message_content`) values (48, 35, 48, 'cursus urna ut tellus nulla ut erat id mauris vulputate elementum nullam varius nulla facilisi cras non velit nec nisi vulputate nonummy maecenas tincidunt lacus at velit vivamus vel nulla eget eros elementum pellentesque quisque porta volutpat erat quisque erat eros viverra eget congue eget semper rutrum nulla nunc purus phasellus in felis donec semper sapien a libero nam dui proin leo odio porttitor id consequat in consequat ut nulla sed accumsan felis');
insert into `messages` (`message_id`, `user_id`, `photo_id`, `message_content`) values (49, 35, 49, 'mauris viverra diam vitae quam suspendisse potenti nullam porttitor lacus at turpis donec posuere metus vitae ipsum aliquam non mauris morbi non lectus aliquam sit amet diam in magna bibendum imperdiet nullam orci pede venenatis non sodales sed tincidunt eu felis fusce posuere felis sed lacus morbi sem mauris laoreet ut rhoncus aliquet pulvinar sed nisl nunc rhoncus dui vel sem sed sagittis nam congue risus semper porta volutpat quam pede lobortis ligula sit amet eleifend pede libero quis orci nullam molestie nibh in lectus pellentesque at nulla suspendisse potenti cras in purus eu magna vulputate luctus cum sociis');
insert into `messages` (`message_id`, `user_id`, `photo_id`, `message_content`) values (50, 35, 50, 'platea dictumst morbi vestibulum velit id pretium iaculis diam erat fermentum justo nec condimentum neque sapien placerat ante nulla justo aliquam quis turpis eget elit sodales scelerisque mauris sit amet eros suspendisse accumsan tortor quis turpis sed ante vivamus tortor duis mattis');

/*Table albums*/
insert into `album` (`album_id`, `title`, `photo_id`) values (1, 'mus etiam vel', 1);
insert into `album` (`album_id`, `title`, `photo_id`) values (1, 'mauris sit amet eros suspendisse', 2);
insert into `album` (`album_id`, `title`, `photo_id`) values (1, 'vehicula consequat morbi a ipsum integer a nibh', 3);
insert into `album` (`album_id`, `title`, `photo_id`) values (2, 'posuere metus vitae ipsum aliquam non mauris morbi non', 4);
insert into `album` (`album_id`, `title`, `photo_id`) values (2, 'tellus nisi eu orci mauris lacinia sapien quis libero', 5);
insert into `album` (`album_id`, `title`, `photo_id`) values (2, 'posuere nonummy integer non velit donec diam neque vestibulum eget', 6);
insert into `album` (`album_id`, `title`, `photo_id`) values (2, 'tempor convallis nulla neque libero convallis', 7);
insert into `album` (`album_id`, `title`, `photo_id`) values (2, 'erat quisque erat eros viverra eget congue eget semper', 8);
insert into `album` (`album_id`, `title`, `photo_id`) values (3, 'enim sit amet nunc viverra dapibus nulla suscipit', 9);
insert into `album` (`album_id`, `title`, `photo_id`) values (3, 'sit amet consectetuer adipiscing elit', 10);
insert into `album` (`album_id`, `title`, `photo_id`) values (3, 'primis in faucibus orci luctus', 11);
insert into `album` (`album_id`, `title`, `photo_id`) values (4, 'interdum mauris ullamcorper purus sit amet nulla quisque arcu', 12);
insert into `album` (`album_id`, `title`, `photo_id`) values (4, 'vel enim sit amet', 13);
insert into `album` (`album_id`, `title`, `photo_id`) values (5, 'cubilia curae mauris viverra diam vitae quam suspendisse', 14);
insert into `album` (`album_id`, `title`, `photo_id`) values (5, 'sapien cursus vestibulum', 15);
insert into `album` (`album_id`, `title`, `photo_id`) values (5, 'placerat praesent blandit nam nulla integer pede justo lacinia eget', 16);
insert into `album` (`album_id`, `title`, `photo_id`) values (5, 'in hac habitasse platea dictumst etiam faucibus cursus urna', 17);
insert into `album` (`album_id`, `title`, `photo_id`) values (5, 'porttitor lorem id ligula suspendisse ornare consequat lectus in', 18);
insert into `album` (`album_id`, `title`, `photo_id`) values (6, 'tincidunt nulla mollis molestie lorem quisque', 19);
insert into `album` (`album_id`, `title`, `photo_id`) values (6, 'in est risus auctor sed', 20);
insert into `album` (`album_id`, `title`, `photo_id`) values (6, 'vel augue vestibulum rutrum rutrum neque aenean auctor', 21);
insert into `album` (`album_id`, `title`, `photo_id`) values (6, 'magnis dis parturient montes nascetur ridiculus mus etiam', 22);
insert into `album` (`album_id`, `title`, `photo_id`) values (6, 'vestibulum eget vulputate ut ultrices vel augue vestibulum ante ipsum', 23);
insert into `album` (`album_id`, `title`, `photo_id`) values (7, 'ultrices posuere cubilia curae donec', 24);
insert into `album` (`album_id`, `title`, `photo_id`) values (8, 'interdum mauris ullamcorper purus sit amet nulla', 25);
insert into `album` (`album_id`, `title`, `photo_id`) values (9, 'enim in tempor turpis', 26);
insert into `album` (`album_id`, `title`, `photo_id`) values (9, 'et tempus semper est quam', 27);
insert into `album` (`album_id`, `title`, `photo_id`) values (9, 'accumsan tortor quis turpis sed ante vivamus tortor duis mattis', 28);
insert into `album` (`album_id`, `title`, `photo_id`) values (10, 'eget rutrum at', 29);
insert into `album` (`album_id`, `title`, `photo_id`) values (10, 'quam pharetra magna ac consequat metus sapien', 30);
insert into `album` (`album_id`, `title`, `photo_id`) values (11, 'enim blandit mi in porttitor', 31);
insert into `album` (`album_id`, `title`, `photo_id`) values (12, 'penatibus et magnis dis parturient montes nascetur ridiculus', 32);
insert into `album` (`album_id`, `title`, `photo_id`) values (13, 'nunc rhoncus dui vel sem sed sagittis nam', 33);
insert into `album` (`album_id`, `title`, `photo_id`) values (14, 'enim in tempor turpis', 34);
insert into `album` (`album_id`, `title`, `photo_id`) values (14, 'porttitor id consequat in consequat ut', 35);
insert into `album` (`album_id`, `title`, `photo_id`) values (14, 'tempor convallis nulla neque', 36);
insert into `album` (`album_id`, `title`, `photo_id`) values (14, 'pede justo lacinia eget', 37);
insert into `album` (`album_id`, `title`, `photo_id`) values (14, 'cubilia curae duis faucibus accumsan odio curabitur', 38);
insert into `album` (`album_id`, `title`, `photo_id`) values (15, 'elementum eu interdum', 39);
insert into `album` (`album_id`, `title`, `photo_id`) values (15, 'dictumst maecenas ut massa quis augue luctus tincidunt', 40);
insert into `album` (`album_id`, `title`, `photo_id`) values (15, 'sit amet consectetuer adipiscing elit proin interdum mauris non ligula', 41);
insert into `album` (`album_id`, `title`, `photo_id`) values (15, 'eleifend luctus ultricies eu nibh', 42);
insert into `album` (`album_id`, `title`, `photo_id`) values (16, 'sit amet cursus id turpis integer aliquet massa id', 43);
insert into `album` (`album_id`, `title`, `photo_id`) values (17, 'fusce consequat nulla nisl nunc nisl duis', 44);
insert into `album` (`album_id`, `title`, `photo_id`) values (18, 'est phasellus sit', 45);
insert into `album` (`album_id`, `title`, `photo_id`) values (19, 'est risus auctor sed tristique in tempus', 46);
insert into `album` (`album_id`, `title`, `photo_id`) values (19, 'mi pede malesuada in imperdiet et commodo vulputate justo', 47);
insert into `album` (`album_id`, `title`, `photo_id`) values (20, 'interdum mauris non ligula pellentesque ultrices', 48);
insert into `album` (`album_id`, `title`, `photo_id`) values (2, 'laoreet ut rhoncus', 49);
insert into `album` (`album_id`, `title`, `photo_id`) values (20, 'a libero nam dui proin leo odio porttitor', 50);

/**/